{
    "device_type": "D435i",
    "imus": [
        {
            "accelerometer": {
                "bias": [
                    0.18550719057050533,
                    0.444257160801671,
                    0.1954448158236879
                ],
                "scale_and_alignment": [
                    1.024869733423089,
                    0.00071471960125529,
                    -0.010405059983943825,
                    0.015311275487099076,
                    1.020183400499997,
                    -0.024136440530996284,
                    -0.014217195541855542,
                    0.002299469962898426,
                    1.0012699678037673
                ]
            },
            "gyroscope": {
                "bias": [
                    -0.004417941580366701,
                    -0.0045217763904450686,
                    -0.0015293497556147129
                ],
                "scale_and_alignment": [
                    1.0,
                    0.0,
                    0.0,
                    0.0,
                    1.0,
                    0.0,
                    0.0,
                    0.0,
                    1.0
                ]
            }
        }
    ]
}